,review,timestamp,rating,username
0,,1 hari yang lalu,5.0,Maysa Afif
1,,3 hari yang lalu,4.0,Bagas Maulana
2,,4 hari yang lalu,5.0,Moh Erwan
3,(Diterjemahkan oleh Google) Tempat yang cerah untuk hang out  (Asli) Bright place to hang out,5 hari yang lalu,5.0,Agnes Tamrin
4,,5 hari yang lalu,4.0,pujas ritanto
5,,5 hari yang lalu,5.0,bagus farikh muhammad iqbal
6,,5 hari yang lalu,5.0,Riza Amanah
7,Menu green tea coffee kental jadi terasa green tea and fresh. Hazelnut latte enak dan aroma rasa hazelnut yang melekat.,6 hari yang lalu,5.0,DI
8,,6 hari yang lalu,4.0,Parijono Atmowirejo
9,,seminggu yang lalu,5.0,Adita Kusfaningrum
10,,seminggu yang lalu,4.0,Aidha Puteri Mustikasari
11,,seminggu yang lalu,5.0,Adara Krismasuci
12,,seminggu yang lalu,5.0,ÏùÄÌïòÎ∞ï
13,,seminggu yang lalu,4.0,yudha purwanto
14,,seminggu yang lalu,5.0,abie yoso
15,(Diterjemahkan oleh Google) paaas kopi ne  (Asli) paaas kopi ne,seminggu yang lalu,5.0,Supangat Yuari Wardaya Diarsa
16,(Diterjemahkan oleh Google) Tuhan  (Asli) Gud,seminggu yang lalu,5.0,Dyfan AS
17,,seminggu yang lalu,4.0,Fareniolita
18,,seminggu yang lalu,5.0,annissa yulindha
19,,seminggu yang lalu,4.0,Drew Bzr
20,,seminggu yang lalu,4.0,rudi trianto
21,"Nice place, kopi nya enak tmptnya nyaman tp sayang parkiran nya klo penuh parkir mpe jauh",seminggu yang lalu,5.0,radit official
22,Parkirnya susah,2 minggu yang lalu,3.0,Muhammad Ahsani
23,Ngopinya anak muda,2 minggu yang lalu,5.0,Qoerul Ahmad Tabiin
24,"Tempatnya bagus dan nyaman, ber ac, viewnya juga bagus, langsung di seberang hotel alana.. Kopinya enak, harga rata-rata.. Sayangnya, wifinya terbatas plus agak susah nyambung sehingga agak menyulitkan yang mau mengerjakan tugas.. Tapi kalo udah nyambung wifinya cepet! Overall gud banget laah üëåüèª",2 minggu yang lalu,4.0,Dina Octavia
25,(Diterjemahkan oleh Google) Nyummy ...  (Asli) Nyummy ...,2 minggu yang lalu,5.0,Alwees Shinta
26,Bau asao rokok,2 minggu yang lalu,4.0,Hilda _
27,Kasirnya kurang jujur,2 minggu yang lalu,2.0,Mohammad Ahmad
28,"Tempatnya oke sieh, kopinya lumayan. Tetapi kasirnya kurang oke, belanja 30.800 dibilangnya 31.000, uang 200 pun diambilnya. Bukan masalah 200 rupiah, integritas dan kejujurannya itu.",2 minggu yang lalu,3.0,Mohammad
29,,2 minggu yang lalu,5.0,jesica viani
30,(Diterjemahkan oleh Google) Naik ...  (Asli) Up ...,3 minggu yang lalu,5.0,Citra Aura Trans
31,(Diterjemahkan oleh Google) #Suka  (Asli) #like,3 minggu yang lalu,5.0,suyadi Redjo phone
32,,3 minggu yang lalu,5.0,Yan Wijaya
33,,3 minggu yang lalu,5.0,BDP Yogyakarta
34,"Tempat Nyaman Sekali, bawa anak kecil gak masalaah.. makanan Enak... sukses terus solo kopi",3 minggu yang lalu,5.0,marsa auliya faeza amri
35,,3 minggu yang lalu,4.0,Wahyono
36,Tempat nyaman,3 minggu yang lalu,4.0,Anggy Yuandari
37,,3 minggu yang lalu,4.0,Doozy Tech
38,,4 minggu yang lalu,5.0,fitria dinda
39,,sebulan yang lalu,4.0,thomz beraz
40,,sebulan yang lalu,5.0,Muhamad Firdaus
41,Mantap,sebulan yang lalu,5.0,Faishal Bengawan
42,Tempat keren buat nongkrong,sebulan yang lalu,5.0,Mun Aji
43,,sebulan yang lalu,5.0,Nur Fitriliana
44,"Wifi oke, tempat cocok untuk nongkrong anak muda, meeting2 juga seru,. Untuk kopinya lumayanlah",sebulan yang lalu,4.0,Lusiana Channel
45,Tempet yang lumayan cozy buat garap tugas dari pagi sampeee laruttt.... The best,sebulan yang lalu,5.0,Listiani Kumala Sari
46,"Tempat nyaman, konsep menarik. Kebersihan sangat dijaga membuat pengunjung nyaman. Untuk harga dan rasa, cukup baik untuk beberapa menu. Cocok untuk anak muda yg ingin mengerjakan tugas atau para pebisnis yg ingin meeting",sebulan yang lalu,4.0,re dewantoro
47,,sebulan yang lalu,4.0,eko chan
48,,sebulan yang lalu,5.0,Bintang Muhammed
49,,sebulan yang lalu,5.0,Dhicky Naufal
50,"Tepat di pinggir jalan Raya sehingga mudah sekali di jangkau. Baik yang berdomisili di sekitar atau yang kebetulan dalam perjalanan dan ingin mencari tempat beristirahat. Tedapat lantai 2 untuk yang ingin merokok. Suasana indah di kala waktu menjelang sore, kita bisa menikmati sunset.",sebulan yang lalu,4.0,Dobel U Studio
51,,sebulan yang lalu,5.0,Hafid Istantio
52,,sebulan yang lalu,5.0,Raya Ilham Syah Majiid
53,,sebulan yang lalu,5.0,Ghalang Pratama
54,"tempatnya nyaman dan bersih, ada indoor dan outdoor, tidak terlalu ramai dan suasana cukup tenang untuk mengerjakan tugas, wifi cepat dan berfungsi. untuk makanan dan kopinya rasanya lumayan, pelayannya juga ramah. saat ini jadi coffee shop favorit saya.",sebulan yang lalu,5.0,Yumna Khalikah
55,"Recommend buat yang mau nongkrong, ngopi, makan atau meeting. Tempatnya nyaman, bersih, rasa mantab üëç",sebulan yang lalu,5.0,Otniel Calvino Kester
56,,sebulan yang lalu,5.0,Ardi Satriawan
57,,sebulan yang lalu,5.0,Ivander Tanuwijaya
58,,sebulan yang lalu,5.0,Wisnu Poetra
59,Mix dengan kuliner solo gan,sebulan yang lalu,4.0,Kuncoro Apriliyanto
60,,sebulan yang lalu,4.0,Brian BlackPearls
61,,sebulan yang lalu,4.0,Valid I S P
62,"Ini adalah kopi yang di solo atau solo yang ada kopinya, eh sebenernya... gajadi deng",sebulan yang lalu,5.0,Hilmy Yahya
63,,sebulan yang lalu,4.0,Andika Yanuar
64,,sebulan yang lalu,5.0,Agung Nugroho
65,(Diterjemahkan oleh Google) Tempat yang bagus .. üëçüëç  (Asli) Good place..  üëçüëç,sebulan yang lalu,5.0,hong betania
66,Kelihatannya tempat buat nongkrong dan ngopi ya,sebulan yang lalu,4.0,MasAdriantz
67,,sebulan yang lalu,5.0,arie saksake
68,,2 bulan lalu,4.0,Zulfikar Azaria
69,,2 bulan lalu,5.0,indra sanjaya
70,Asik buat nongkrong,2 bulan lalu,5.0,Andri Setyawan
71,Mantap relling tangganya juga mantap,3 bulan lalu,5.0,iLmucts cuama muahmut
72,,3 bulan lalu,5.0,kang maning
73,(Diterjemahkan oleh Google) Nyaman  (Asli) Cozy,3 bulan lalu,4.0,Robil Adectas
74,,3 bulan lalu,5.0,Amri Malemta Ginting
75,(Diterjemahkan oleh Google) ucapan-ucapan  (Asli) sakjose,3 bulan lalu,5.0,Hary Sukma
76,"Lumayan enak buat nongkrong terutama yg atas outdoor bisa sambil liat lalu lintas keramaian jl adi sucipto,wifi lemott dan parkir kl bawa mobil lumayan agak susah terutama pas rame soale langsung berhadapan dg jalan raya dan pertigaan dpn alana hotel..",4 bulan lalu,3.0,WAN'Z YULI Sarwanto
77,"(Diterjemahkan oleh Google) Kopi cukup baik, tetapi tempat dalam ruangan terbatas. Outdoor di lantai dua terlalu panas pada hari itu. Stafnya ramah  (Asli) The coffee is quite good, but the indoor place is limited. The outdoor on the second floor is too hot on day. The staff is friendly though",4 bulan lalu,4.0,Cintantya S R
78,Nyaman dan menunya enak,4 bulan lalu,5.0,Notil 1710
79,Tempat bagus  Menu oke  Rasa worth it  Harga standar  Mau ngopi kesini aja,4 bulan lalu,5.0,ezra ricky
80,Sekelas coffe shop begini aja wifi nya ampas banget ga worth dengan duit yg lu keluarin buat beli konsumsi disini. Tempat nyaman pelayanan lumayan ramah. Next time ga bakal kesini.,4 bulan lalu,2.0,Yusuf Muhammad
81,,4 bulan lalu,4.0,iful pipbob
82,(Diterjemahkan oleh Google) Tempat yang bagus dan nyaman. Stafnya ramah dan membantu. Minuman rasanya enak. Cintai kopi yang paling. Mereka bahkan memiliki kacang eksotis dari Kenya dan Ethiopia (musiman). Tempat cocok untuk melakukan pekerjaan rumah dan hal-hal komputasi lainnya. Wi-fi tersedia.  (Asli) Nice and comfy place. Staffs are kind and helpful. Beverages tastes great. Love the coffee the most. They even have exotic beans from Kenya and Ethiopia (seasonal). Place are suitable for doing home works and other computational things. Wi-fi is available.,4 bulan lalu,5.0,Fatih Pane
83,Tempat bersih kopi enak,4 bulan lalu,5.0,Galih E. Nugroho
84,,4 bulan lalu,5.0,cahaya ningsih
85,,4 bulan lalu,5.0,Asmarani Indah
86,,4 bulan lalu,5.0,indah budi
87,,4 bulan lalu,2.0,Soffin Arfian
88,"Suasana nyaman,, harga dan hidangan yg di dapat sebanding. . Kopi bervariasi dan barista berpengalaman. .",4 bulan lalu,5.0,Yosua Kusuma
89,,4 bulan lalu,5.0,M A S B R E E
90,"Mau ketemu kolega atau sekadar kopdar, ngopi di Solo Kopi tempatnya, berbagai macam hidangan kopi tersedia disini, mau ruangan ber AC atau di balkon yg pemandangan nya langsung ke arah jalan raya Adisucipto dan tepat depan Hotel Alana Solo...cukup eksotik. Soal rasa kopinya jangan di ragukan lagi ..  nikmat poll.",4 bulan lalu,5.0,mohammad ali akbar
91,(Diterjemahkan oleh Google) Kedai kopi favorit  (Asli) Favourite coffee shop,4 bulan lalu,5.0,Rose Knight
92,"untuk interior sangat bagus dan nyaman digunakan untuk meeting kecil atau sekedar nongkrong...   Harga sedikit mahal untuk menu dan rasa yang ""itu-itu saja"" tetapi menjadi worth it karena tempat nya",4 bulan lalu,4.0,Satria Veriansyah
93,,4 bulan lalu,4.0,Mery Herawanto
94,(Diterjemahkan oleh Google) Ini tempat yang nyaman untuk hangout atau belajar atau sekedar mengobrol dengan beberapa teman  (Asli) It's cozy quite place for hangout or study or just chit chat with some friends,4 bulan lalu,4.0,Chrisnandita Argadiatama
95,"(Diterjemahkan oleh Google) Tempatnya cukup nyaman untuk mengobrol, rapat kecil atau untuk bekerja sendiri-sendiri. Mereka memiliki port listrik di setiap meja. Area merokok juga. Harga yang layak untuk secangkir kopi.  (Asli) The place is quite cozy to have a chit chat, small meetings or for working individually. They have electricity port in every table. Smoking area as well. Decent price for a cup of coffee.",4 bulan lalu,5.0,Marlin Rusli
96,,4 bulan lalu,5.0,Muhammad Triyono
97,(Diterjemahkan oleh Google) Tempat yang bagus untuk minum secangkir kopi  (Asli) Nice place to sip a cup of coffee,4 bulan lalu,5.0,pandu wicaksana nugraha
98,,4 bulan lalu,5.0,Quinn SG
99,"Sebagai bukan pecinta kopi, saya pesan menu yang lain. Menu-menu selain kopi juga menarik. Tempatnya juga cozy. Hanya saja jika datang dari arah timur sering terlewat, krn lokasinya yang agak masuk ke sisi jalan. Mungkin jika datang dari arah timur sudah harus pelan2 dan sen kiri setelah melewati lampu merah makuta.",4 bulan lalu,5.0,Cahya Mahendrani Darmawan
100,,4 bulan lalu,4.0,dian muflichah
101,,4 bulan lalu,5.0,indo music
102,,4 bulan lalu,5.0,mita kusuma
103,,4 bulan lalu,5.0,Alvina Choirida
104,"(Diterjemahkan oleh Google) Kopi yang enak, tempat yang nyaman, tepat di seberang Alana  (Asli) Good coffee, cozy place, right across the Alana",4 bulan lalu,5.0,Sentot Baskoro
105,,4 bulan lalu,5.0,Yulian Ekka Pradista
106,Baristanya enak diajak ngobrol...,4 bulan lalu,4.0,rully kesuma
107,(Diterjemahkan oleh Google) Tempat yang bagus  (Asli) Good place,4 bulan lalu,5.0,Diah Dee
108,"Mbaknya ramah, pengunjungnya ramah, Security ramah, Mr.parking ramah, cmn kurang satu yg kurang ... harusnya buka sampe pagi hehe",4 bulan lalu,5.0,Ragun
109,"Nyaman, adem, minumannya enak juga harga terjangkau karna dengan fasilitasnya.... + barista cewenya cantik"" gak boong",4 bulan lalu,5.0,Ahmad Waliyyuddin
110,"(Diterjemahkan oleh Google) Tempat bersih yang bagus untuk berkumpul dengan teman-teman .... menawarkan berbagai makanan ringan dan makanan, terutama kopi dan kentang goreng ....  (Asli) Nice clean place to hang around with peers.... offering variety of snack and meals, especially it's coffee and french fries....",4 bulan lalu,5.0,Oemang Samson
111,"Enak tempatnya, ada smooking room di atas",4 bulan lalu,5.0,indra kumara
112,,4 bulan lalu,4.0,Viana
113,,4 bulan lalu,5.0,MIT VK
114,(Diterjemahkan oleh Google) Ini adalah kafe yang luar biasa dengan pilihan kopi yang cukup enak. Ada tempat duduk untuk outdoor dan indoor dengan AC dan tempat ini sangat mudah diakses. Saya hanya berharap harga minuman sedikit lebih murah dari 5 k hingga 10 k.  (Asli) This is a great cafe with a pretty nice range of coffee for selection. There are seating spots for both outdoor and indoor with air con and the place is very accessible. I just wish the prices of the drinks are a little cheaper by 5k to 10k.,4 bulan lalu,4.0,Faiz
115,,4 bulan lalu,4.0,Rohyudi JD
116,(Diterjemahkan oleh Google) Saya membawa pacar saya tercinta ke tempat yang indah ini üòç terima kasih atas pelayanan yang cepat untuk membuat makanan dan minuman kami.  (Asli) I bring my beloved girlfriend to this lovely place üòç thanks for the fast service on making our food and beverages.,4 bulan lalu,5.0,wisnoe wardana
